,CAGR,Annual Volatility,Sharpe Ratio,Sortino Ratio,Max Drawdown,Calmar Ratio,Total Return
ML-Optimized,0.33493091718926293,0.17882895193704434,1.593661212849128,2.564096800682613,-0.3496781025567687,0.9578263973074733,2.3862178712793485
Equal-Weight,0.15130759069980892,0.13970101696878973,0.9354624320723368,1.4859214083483931,-0.32266048392916025,0.4689374690612202,0.8128570251311371
Inverse-Vol,0.14733757916527823,0.1379888349689014,0.9202959374996602,1.4747982032701326,-0.31616293987942146,0.466017867943251,0.7866092940989418
