,CAGR,Annual Volatility,Sharpe Ratio,Sortino Ratio,Max Drawdown,Calmar Ratio,Total Return
ML-Optimized,0.32472564660046044,0.17993955415688392,1.5422286404483683,2.480904845189274,-0.3821043636655681,0.8498349599709685,2.2782560846700024
Equal-Weight,0.1513075906998087,0.13970101696878975,0.935462432072337,1.4859214083483934,-0.32266048392916047,0.4689374690612192,0.8128570251311358
Inverse-Vol,0.1473375791652789,0.1379888349689014,0.9202959374996607,1.4747982032701326,-0.31616293987942157,0.46601786794325295,0.7866092940989453
